PM 1,PM 2.5,PM10,Time and Date
,,,
12,15,19,2019-12-19 7:33:09 PM
12,16,20,2019-12-19 7:33:21 PM
14,18,24,2019-12-19 7:33:32 PM
16,18,21,2019-12-19 7:33:44 PM
18,21,23,2019-12-19 7:33:56 PM
18,21,27,2019-12-19 7:34:02 PM
19,23,30,2019-12-19 7:34:14 PM
20,21,27,2019-12-19 7:34:26 PM
21,24,26,2019-12-19 7:34:38 PM
21,27,29,2019-12-19 7:34:49 PM
22,26,30,2019-12-19 7:35:01 PM
21,24,30,2019-12-19 7:35:13 PM
22,25,32,2019-12-19 7:35:25 PM
18,22,37,2019-12-19 7:35:37 PM
2,7,19,2019-12-19 7:35:43 PM
2,7,16,2019-12-19 7:35:55 PM
5,8,14,2019-12-19 7:36:07 PM
7,10,17,2019-12-19 7:36:14 PM
5,11,20,2019-12-19 7:36:25 PM
2,5,15,2019-12-19 7:36:37 PM
4,7,14,2019-12-19 7:36:49 PM
5,8,10,2019-12-19 7:36:56 PM
6,8,11,2019-12-19 7:37:03 PM
7,9,14,2019-12-19 7:37:09 PM
8,10,15,2019-12-19 7:37:17 PM
11,14,23,2019-12-19 7:37:24 PM
7,9,24,2019-12-19 7:37:31 PM
4,6,19,2019-12-19 7:37:42 PM
4,5,12,2019-12-19 7:37:54 PM
5,7,8,2019-12-19 7:38:01 PM
7,9,14,2019-12-19 7:38:13 PM
8,11,18,2019-12-19 7:38:25 PM
9,11,20,2019-12-19 7:38:37 PM
10,14,16,2019-12-19 7:38:49 PM
15,18,22,2019-12-19 7:39:01 PM
18,21,27,2019-12-19 7:39:14 PM
20,22,24,2019-12-19 7:39:26 PM
21,24,30,2019-12-19 7:39:38 PM
21,24,31,2019-12-19 7:39:50 PM
23,26,31,2019-12-19 7:40:02 PM
19,23,31,2019-12-19 7:40:14 PM
2,5,16,2019-12-19 7:40:20 PM
3,6,17,2019-12-19 7:40:27 PM
4,8,17,2019-12-19 7:40:39 PM
6,8,10,2019-12-19 7:40:46 PM
8,10,12,2019-12-19 7:40:58 PM
11,14,14,2019-12-19 7:41:10 PM
13,16,20,2019-12-19 7:41:22 PM
16,20,23,2019-12-19 7:41:34 PM
17,23,25,2019-12-19 7:41:46 PM
5,8,22,2019-12-19 7:41:57 PM
5,9,18,2019-12-19 7:42:09 PM
4,9,14,2019-12-19 7:42:21 PM
4,6,14,2019-12-19 7:42:32 PM
3,5,13,2019-12-19 7:42:44 PM
3,5,11,2019-12-19 7:42:56 PM
4,6,10,2019-12-19 7:43:07 PM
6,7,12,2019-12-19 7:43:19 PM
6,7,9,2019-12-19 7:43:32 PM
6,7,11,2019-12-19 7:43:43 PM
8,13,18,2019-12-19 7:43:55 PM
9,16,23,2019-12-19 7:44:07 PM
8,14,19,2019-12-19 7:44:19 PM
10,14,14,2019-12-19 7:44:25 PM
14,20,22,2019-12-19 7:44:32 PM
7,15,33,2019-12-19 7:44:44 PM
3,7,16,2019-12-19 7:44:56 PM
5,7,10,2019-12-19 7:45:07 PM
5,7,9,2019-12-19 7:45:19 PM
5,8,24,2019-12-19 7:45:31 PM
3,8,20,2019-12-19 7:45:43 PM
3,5,14,2019-12-19 7:45:55 PM
4,7,16,2019-12-19 7:46:06 PM
4,6,15,2019-12-19 7:46:18 PM
4,6,14,2019-12-19 7:46:30 PM
4,6,14,2019-12-19 7:46:42 PM
5,9,16,2019-12-19 7:46:54 PM
7,12,19,2019-12-19 7:47:06 PM
3,5,17,2019-12-19 7:47:18 PM
3,6,17,2019-12-19 7:47:30 PM
4,8,13,2019-12-19 7:47:41 PM
5,9,15,2019-12-19 7:47:54 PM
5,9,15,2019-12-19 7:48:06 PM
4,11,21,2019-12-19 7:48:18 PM
2,5,18,2019-12-19 7:48:30 PM
3,5,15,2019-12-19 7:48:42 PM
4,7,16,2019-12-19 7:48:53 PM
4,7,17,2019-12-19 7:49:05 PM
5,8,15,2019-12-19 7:49:17 PM
6,9,12,2019-12-19 7:49:29 PM
8,12,15,2019-12-19 7:49:36 PM
8,11,23,2019-12-19 7:49:47 PM
3,6,20,2019-12-19 7:49:59 PM
2,7,16,2019-12-19 7:50:06 PM
3,5,17,2019-12-19 7:50:18 PM
3,4,10,2019-12-19 7:50:30 PM
4,5,6,2019-12-19 7:50:42 PM
5,8,15,2019-12-19 7:50:53 PM
6,10,17,2019-12-19 7:51:05 PM
7,12,16,2019-12-19 7:51:17 PM
9,13,19,2019-12-19 7:51:24 PM
11,14,19,2019-12-19 7:51:36 PM
14,18,21,2019-12-19 7:51:42 PM
16,20,25,2019-12-19 7:51:54 PM
5,8,17,2019-12-19 7:52:06 PM
3,5,17,2019-12-19 7:52:18 PM
2,5,19,2019-12-19 7:52:30 PM
2,5,14,2019-12-19 7:52:37 PM
2,5,8,2019-12-19 7:52:48 PM
64773,5,8,2019-12-19 7:53:00 PM
3,6,12,2019-12-19 7:53:12 PM
4,7,13,2019-12-19 7:53:23 PM
5,8,14,2019-12-19 7:53:35 PM
6,7,12,2019-12-19 7:53:47 PM
8,9,13,2019-12-19 7:53:59 PM
11,13,16,2019-12-19 7:54:12 PM
14,17,20,2019-12-19 7:54:18 PM
15,18,21,2019-12-19 7:54:30 PM
21,25,28,2019-12-19 7:54:37 PM
23,26,31,2019-12-19 7:54:49 PM
27,29,34,2019-12-19 7:55:00 PM
28,32,37,2019-12-19 7:55:15 PM
2,5,14,2019-12-19 7:55:27 PM
3,6,13,2019-12-19 7:55:38 PM
5,8,13,2019-12-19 7:55:51 PM
7,10,16,2019-12-19 7:56:02 PM
11,15,18,2019-12-19 7:56:14 PM
15,18,21,2019-12-19 7:56:31 PM
17,20,28,2019-12-19 7:56:43 PM
19,23,28,2019-12-19 7:57:02 PM
21,22,24,2019-12-19 7:57:05 PM
24,25,25,2019-12-19 7:57:17 PM
25,27,27,2019-12-19 7:57:29 PM
26,29,32,2019-12-19 7:57:41 PM
28,32,40,2019-12-19 7:57:48 PM
21,28,41,2019-12-19 7:57:59 PM
4,8,24,2019-12-19 7:58:11 PM
3,7,18,2019-12-19 7:58:23 PM
3,6,10,2019-12-19 7:58:35 PM
5,7,11,2019-12-19 7:58:47 PM
7,9,14,2019-12-19 7:58:54 PM
9,12,15,2019-12-19 7:59:06 PM
11,15,17,2019-12-19 7:59:17 PM
16,18,21,2019-12-19 7:59:29 PM
21,24,27,2019-12-19 7:59:41 PM
25,27,35,2019-12-19 7:59:48 PM
28,30,38,2019-12-19 7:59:54 PM
29,31,39,2019-12-19 8:00:06 PM
31,33,39,2019-12-19 8:00:18 PM
32,36,40,2019-12-19 8:00:25 PM
31,35,40,2019-12-19 8:00:37 PM
30,33,38,2019-12-19 8:00:48 PM
20,26,32,2019-12-19 8:00:55 PM
3,6,18,2019-12-19 8:01:07 PM
4,7,14,2019-12-19 8:01:19 PM
2,5,13,2019-12-19 8:01:31 PM
3,7,13,2019-12-19 8:01:43 PM
3,7,12,2019-12-19 8:01:49 PM
3,7,11,2019-12-19 8:02:01 PM
3,6,11,2019-12-19 8:02:13 PM
4,7,12,2019-12-19 8:02:25 PM
4,7,9,2019-12-19 8:02:33 PM
4,7,10,2019-12-19 8:02:45 PM
4,6,7,2019-12-19 8:02:52 PM
6,7,10,2019-12-19 8:02:58 PM
7,10,14,2019-12-19 8:03:10 PM
11,14,22,2019-12-19 8:03:22 PM
14,15,21,2019-12-19 8:03:29 PM
15,18,22,2019-12-19 8:03:41 PM
19,23,26,2019-12-19 8:03:52 PM
24,28,35,2019-12-19 8:04:04 PM
28,33,40,2019-12-19 8:04:11 PM
34,36,41,2019-12-19 8:04:18 PM
17,20,26,2019-12-19 8:04:29 PM
3,7,20,2019-12-19 8:04:41 PM
5,8,15,2019-12-19 8:04:53 PM
8,12,16,2019-12-19 8:05:00 PM
10,12,17,2019-12-19 8:05:07 PM
11,14,21,2019-12-19 8:05:19 PM
12,15,22,2019-12-19 8:05:31 PM
15,16,26,2019-12-19 8:05:42 PM
4,6,21,2019-12-19 8:05:54 PM
5,8,23,2019-12-19 8:06:06 PM
6,9,16,2019-12-19 8:06:18 PM
7,9,14,2019-12-19 8:06:30 PM
9,15,17,2019-12-19 8:06:41 PM
10,15,15,2019-12-19 8:06:53 PM
12,14,17,2019-12-19 8:07:05 PM
14,17,22,2019-12-19 8:07:17 PM
17,19,24,2019-12-19 8:07:28 PM
15,19,28,2019-12-19 8:07:40 PM
4,6,19,2019-12-19 8:07:47 PM
3,5,17,2019-12-19 8:07:54 PM
4,6,17,2019-12-19 8:08:06 PM
5,8,11,2019-12-19 8:08:15 PM
8,11,16,2019-12-19 8:08:27 PM
11,13,17,2019-12-19 8:08:34 PM
13,15,17,2019-12-19 8:08:41 PM
15,18,22,2019-12-19 8:08:48 PM
18,23,26,2019-12-19 8:09:00 PM
25,28,33,2019-12-19 8:09:06 PM
25,27,38,2019-12-19 8:09:18 PM
2,4,14,2019-12-19 8:09:30 PM
3,4,12,2019-12-19 8:09:41 PM
7,8,12,2019-12-19 8:09:53 PM
13,15,19,2019-12-19 8:10:05 PM
17,20,25,2019-12-19 8:10:16 PM
21,24,32,2019-12-19 8:10:28 PM
23,26,36,2019-12-19 8:10:35 PM
28,32,40,2019-12-19 8:10:46 PM
7,13,29,2019-12-19 8:10:58 PM
4,8,24,2019-12-19 8:11:10 PM
7,11,16,2019-12-19 8:11:22 PM
10,13,17,2019-12-19 8:11:33 PM
13,16,19,2019-12-19 8:11:45 PM
20,24,33,2019-12-19 8:11:57 PM
26,27,38,2019-12-19 8:12:08 PM
30,34,41,2019-12-19 8:12:20 PM
21,25,47,2019-12-19 8:12:32 PM
4,6,19,2019-12-19 8:12:43 PM
5,7,13,2019-12-19 8:12:55 PM
9,14,18,2019-12-19 8:13:07 PM
253,19,24,2019-12-19 8:13:18 PM
23,24,27,2019-12-19 8:13:30 PM
27,28,29,2019-12-19 8:13:41 PM
30,32,38,2019-12-19 8:13:53 PM
33,38,46,2019-12-19 8:14:00 PM
37,41,47,2019-12-19 8:14:12 PM
40,42,44,2019-12-19 8:14:26 PM
44,47,53,2019-12-19 8:14:37 PM
46,50,55,2019-12-19 8:14:49 PM
48,51,55,2019-12-19 8:15:01 PM
48,50,58,2019-12-19 8:15:16 PM
14,17,38,2019-12-19 8:15:22 PM
5,8,27,2019-12-19 8:15:29 PM
5,10,24,2019-12-19 8:15:41 PM
9,15,20,2019-12-19 8:15:53 PM
15,18,23,2019-12-19 8:16:05 PM
21,25,30,2019-12-19 8:16:16 PM
28,30,33,2019-12-19 8:16:28 PM
35,38,41,2019-12-19 8:16:40 PM
20,23,36,2019-12-19 8:16:52 PM
5,7,26,2019-12-19 8:17:04 PM
7,11,23,2019-12-19 8:17:15 PM
7,10,15,2019-12-19 8:17:27 PM
11,14,22,2019-12-19 8:17:39 PM
15,18,26,2019-12-19 8:17:51 PM
19,23,28,2019-12-19 8:18:02 PM
25,28,29,2019-12-19 8:18:14 PM
32,35,40,2019-12-19 8:18:21 PM
15,18,30,2019-12-19 8:18:33 PM
4,6,20,2019-12-19 8:18:45 PM
5,8,19,2019-12-19 8:18:52 PM
7,10,17,2019-12-19 8:19:04 PM
14,17,20,2019-12-19 8:19:15 PM
19,22,25,2019-12-19 8:19:27 PM
24,28,32,2019-12-19 8:19:39 PM
29,34,36,2019-12-19 8:19:45 PM
33,36,40,2019-12-19 8:19:57 PM
37,41,47,2019-12-19 8:20:09 PM
43,46,54,2019-12-19 8:20:21 PM
48,51,57,2019-12-19 8:20:33 PM
54,56,59,2019-12-19 8:20:45 PM
58,61,63,2019-12-19 8:20:56 PM
64,66,68,2019-12-19 8:21:05 PM
16,20,30,2019-12-19 8:21:17 PM
6,12,16,2019-12-19 8:21:29 PM
10,13,17,2019-12-19 8:21:41 PM
17,19,24,2019-12-19 8:21:53 PM
24,28,31,2019-12-19 8:22:04 PM
32,38,43,2019-12-19 8:22:16 PM
7,12,20,2019-12-19 8:22:28 PM
4,7,13,2019-12-19 8:22:35 PM
5,8,11,2019-12-19 8:22:42 PM
10,13,15,2019-12-19 8:22:53 PM
16,17,20,2019-12-19 8:23:05 PM
20,22,27,2019-12-19 8:23:17 PM
28,30,34,2019-12-19 8:23:29 PM
18,22,33,2019-12-19 8:23:41 PM
4,8,19,2019-12-19 8:23:52 PM
6,10,15,2019-12-19 8:23:59 PM
5,8,16,2019-12-19 8:24:11 PM
1,4,14,2019-12-19 8:24:23 PM
2,4,11,2019-12-19 8:24:35 PM
7,12,14,2019-12-19 8:24:46 PM
13,17,19,2019-12-19 8:24:58 PM
16,18,20,2019-12-19 8:25:05 PM
18,19,21,2019-12-19 8:25:17 PM
20,22,23,2019-12-19 8:25:27 PM
25,27,33,2019-12-19 8:25:33 PM
27,29,37,2019-12-19 8:25:45 PM
33,36,45,2019-12-19 8:25:57 PM
7,9,22,2019-12-19 8:26:09 PM
3,7,18,2019-12-19 8:26:21 PM
6,8,15,2019-12-19 8:26:23 PM
7,11,17,2019-12-19 8:26:34 PM
15,17,20,2019-12-19 8:26:42 PM
17,19,24,2019-12-19 8:26:54 PM
24,26,29,2019-12-19 8:27:01 PM
27,29,32,2019-12-19 8:27:13 PM
34,37,41,2019-12-19 8:27:24 PM
30,35,41,2019-12-19 8:27:36 PM
6,244,23,2019-12-19 8:27:47 PM
5,11,21,2019-12-19 8:27:55 PM
6,9,14,2019-12-19 8:28:02 PM
10,15,20,2019-12-19 8:28:14 PM
17,20,24,2019-12-19 8:28:25 PM
24,27,32,2019-12-19 8:28:37 PM
28,29,31,2019-12-19 8:28:44 PM
32,34,35,2019-12-19 8:28:56 PM
37,39,39,2019-12-19 8:29:07 PM
6,11,28,2019-12-19 8:29:19 PM
5,7,22,2019-12-19 8:29:31 PM
9,12,17,2019-12-19 8:29:43 PM
16,17,20,2019-12-19 8:29:55 PM
25,27,29,2019-12-19 8:30:07 PM
30,33,35,2019-12-19 8:30:18 PM
35,37,42,2019-12-19 8:30:30 PM
14,18,30,2019-12-19 8:30:42 PM
5,7,17,2019-12-19 8:30:54 PM
8,10,16,2019-12-19 8:31:06 PM
17,19,23,2019-12-19 8:31:17 PM
23,28,30,2019-12-19 8:31:29 PM
17,23,255,2019-12-19 8:31:41 PM
4,8,22,2019-12-19 8:31:48 PM
4,8,18,2019-12-19 8:31:54 PM
6,9,15,2019-12-19 8:32:06 PM
12,16,21,2019-12-19 8:32:18 PM
14,19,27,2019-12-19 8:32:30 PM
3,6,14,2019-12-19 8:32:42 PM
4,6,14,2019-12-19 8:32:53 PM
4,8,18,2019-12-19 8:33:07 PM
4,8,18,2019-12-19 8:33:08 PM
3,8,17,2019-12-19 8:33:18 PM
3,6,10,2019-12-19 8:33:30 PM
4,7,11,2019-12-19 8:33:37 PM
5,7,13,2019-12-19 8:33:49 PM
6,11,18,2019-12-19 8:34:01 PM
8,13,19,2019-12-19 8:34:12 PM
14,17,20,2019-12-19 8:34:19 PM
17,19,21,2019-12-19 8:34:31 PM
25,27,31,2019-12-19 8:34:43 PM
34,37,46,2019-12-19 8:34:54 PM
42,44,55,2019-12-19 8:35:06 PM
49,51,55,2019-12-19 8:35:18 PM
58,60,63,2019-12-19 8:35:30 PM
66,69,74,2019-12-19 8:35:37 PM
71,73,81,2019-12-19 8:35:49 PM
72,75,81,2019-12-19 8:36:00 PM
70,71,78,2019-12-19 8:36:12 PM
69,73,79,2019-12-19 8:36:19 PM
69,71,78,2019-12-19 8:36:31 PM
70,74,81,2019-12-19 8:36:43 PM
74,77,88,2019-12-19 8:36:55 PM
77,79,86,2019-12-19 8:37:07 PM
81,83,84,2019-12-19 8:37:18 PM
63,65,71,2019-12-19 8:37:30 PM
8,10,21,2019-12-19 8:37:37 PM
8,11,24,2019-12-19 8:37:43 PM
14,16,26,2019-12-19 8:37:55 PM
4,7,19,2019-12-19 8:38:07 PM
3,5,15,2019-12-19 8:38:14 PM
4,8,15,2019-12-19 8:38:26 PM
8,13,17,2019-12-19 8:38:37 PM
16,17,22,2019-12-19 8:38:49 PM
23,25,31,2019-12-19 8:38:56 PM
27,28,31,2019-12-19 8:39:08 PM
36,38,38,2019-12-19 8:39:20 PM
41,43,43,2019-12-19 8:39:26 PM
45,48,48,2019-12-19 8:39:38 PM
48,51,51,2019-12-19 8:39:50 PM
64,65,67,2019-12-19 8:40:03 PM
20,24,34,2019-12-19 8:40:14 PM
10,14,21,2019-12-19 8:40:26 PM
18,19,20,2019-12-19 8:40:38 PM
31,34,35,2019-12-19 8:40:44 PM
47,49,51,2019-12-19 8:40:56 PM
52,53,59,2019-12-19 8:41:04 PM
14,16,24,2019-12-19 8:41:11 PM
14,15,22,2019-12-19 8:41:18 PM
16,18,24,2019-12-19 8:41:29 PM
30,33,34,2019-12-19 8:41:41 PM
41,43,47,2019-12-19 8:41:53 PM
9,11,19,2019-12-19 8:42:05 PM
8,11,17,2019-12-19 8:42:17 PM
20,21,24,2019-12-19 8:42:29 PM
26,27,35,2019-12-19 8:42:41 PM
5,7,16,2019-12-19 8:42:50 PM
7,7,15,2019-12-19 8:42:57 PM
9,10,16,2019-12-19 8:43:09 PM
19,20,23,2019-12-19 8:43:21 PM
31,35,37,2019-12-19 8:43:33 PM
6,8,18,2019-12-19 8:43:45 PM
6,7,13,2019-12-19 8:43:57 PM
14,14,18,2019-12-19 8:44:08 PM
25,26,37,2019-12-19 8:44:20 PM
5,7,15,2019-12-19 8:44:32 PM
5,7,13,2019-12-19 8:44:44 PM
13,15,18,2019-12-19 8:44:56 PM
27,28,31,2019-12-19 8:45:08 PM
49,49,53,2019-12-19 8:45:14 PM
74,75,78,2019-12-19 8:45:26 PM
12,14,24,2019-12-19 8:45:33 PM
10,11,21,2019-12-19 8:45:40 PM
26,28,31,2019-12-19 8:45:53 PM
12,14,20,2019-12-19 8:45:54 PM
31,32,34,2019-12-19 8:46:05 PM
55,56,58,2019-12-19 8:46:11 PM
75,75,76,2019-12-19 8:46:23 PM
18,20,31,2019-12-19 8:46:35 PM
8,11,21,2019-12-19 8:46:47 PM
22,25,33,2019-12-19 8:46:59 PM
3,10,16,2019-12-19 8:47:10 PM
4,8,13,2019-12-19 8:47:22 PM
15,17,21,2019-12-19 8:47:34 PM
35,36,39,2019-12-19 8:47:46 PM
6,10,17,2019-12-19 8:47:57 PM
5,7,13,2019-12-19 8:48:09 PM
13,14,18,2019-12-19 8:48:16 PM
18,21,25,2019-12-19 8:48:28 PM
39,41,51,2019-12-19 8:48:39 PM
6,7,19,2019-12-19 8:48:51 PM
7,9,17,2019-12-19 8:49:03 PM
24,27,30,2019-12-19 8:49:15 PM
46,50,53,2019-12-19 8:49:27 PM
70,71,77,2019-12-19 8:49:38 PM
6,8,15,2019-12-19 8:49:42 PM
6,8,15,2019-12-19 8:49:49 PM
8,11,20,2019-12-19 8:50:00 PM
30,31,36,2019-12-19 8:50:09 PM
51,51,55,2019-12-19 8:50:21 PM
7,7,18,2019-12-19 8:50:32 PM
11,12,18,2019-12-19 8:50:39 PM
18,19,24,2019-12-19 8:50:51 PM
38,40,41,2019-12-19 8:51:03 PM
65,66,69,2019-12-19 8:51:15 PM
81,83,86,2019-12-19 8:51:26 PM
67,69,72,2019-12-19 8:51:33 PM
18,19,27,2019-12-19 8:51:45 PM
10,11,20,2019-12-19 8:51:57 PM
27,29,36,2019-12-19 8:52:09 PM
48,50,53,2019-12-19 8:52:20 PM
28,30,42,2019-12-19 8:52:33 PM
11,12,20,2019-12-19 8:52:44 PM
22,24,28,2019-12-19 8:52:56 PM
46,49,51,2019-12-19 8:53:08 PM
64,66,66,2019-12-19 8:53:15 PM
66,68,72,2019-12-19 8:53:27 PM
10,12,23,2019-12-19 8:53:39 PM
11,13,23,2019-12-19 8:53:50 PM
22,23,30,2019-12-19 8:54:02 PM
29,34,40,2019-12-19 8:54:14 PM
7,12,21,2019-12-19 8:54:26 PM
8,12,17,2019-12-19 8:54:32 PM
3,5,12,2019-12-19 8:54:44 PM
5,7,12,2019-12-19 8:54:56 PM
15,16,22,2019-12-19 8:55:08 PM
34,34,38,2019-12-19 8:55:20 PM
62,64,69,2019-12-19 8:55:33 PM
50,51,53,2019-12-19 8:55:35 PM
65,67,71,2019-12-19 8:55:45 PM
78,80,84,2019-12-19 8:55:56 PM
12,18,28,2019-12-19 8:56:08 PM
14,18,30,2019-12-19 8:56:20 PM
26,29,37,2019-12-19 8:56:32 PM
25,28,40,2019-12-19 8:56:38 PM
8,10,18,2019-12-19 8:56:45 PM
8,12,18,2019-12-19 8:56:52 PM
15,17,22,2019-12-19 8:57:04 PM
32,34,37,2019-12-19 8:57:10 PM
47,50,52,2019-12-19 8:57:22 PM
11,15,27,2019-12-19 8:57:34 PM
14,17,26,2019-12-19 8:57:46 PM
29,33,37,2019-12-19 8:57:57 PM
41,43,57,2019-12-19 8:58:09 PM
10,14,27,2019-12-19 8:58:21 PM
17,18,23,2019-12-19 8:58:33 PM
32,33,36,2019-12-19 8:58:44 PM
50,52,53,2019-12-19 8:58:56 PM
69,71,75,2019-12-19 8:59:08 PM
62,67,79,2019-12-19 8:59:20 PM
13,15,22,2019-12-19 8:59:32 PM
4,7,20,2019-12-19 8:59:44 PM
6,8,20,2019-12-19 8:59:56 PM
4,5,16,2019-12-19 9:00:08 PM
3,4,13,2019-12-19 9:00:14 PM
6,7,13,2019-12-19 9:00:26 PM
17,19,20,2019-12-19 9:00:38 PM
36,37,43,2019-12-19 9:00:50 PM
53,56,63,2019-12-19 9:01:02 PM
73,75,84,2019-12-19 9:01:13 PM
31,33,44,2019-12-19 9:01:25 PM
16,18,33,2019-12-19 9:01:37 PM
21,23,34,2019-12-19 9:01:49 PM
12,13,23,2019-12-19 9:02:01 PM
17,19,25,2019-12-19 9:02:12 PM
37,39,44,2019-12-19 9:02:19 PM
44,46,52,2019-12-19 9:02:31 PM
59,61,66,2019-12-19 9:02:43 PM
74,76,83,2019-12-19 9:02:50 PM
80,82,89,2019-12-19 9:03:02 PM
13,17,25,2019-12-19 9:03:14 PM
11,15,24,2019-12-19 9:03:26 PM
4,7,20,2019-12-19 9:03:38 PM
9,13,20,2019-12-19 9:03:50 PM
25,29,33,2019-12-19 9:04:01 PM
45,49,55,2019-12-19 9:04:13 PM
6,8,23,2019-12-19 9:04:25 PM
8,11,19,2019-12-19 9:04:36 PM
22,24,30,2019-12-19 9:04:43 PM
39,40,43,2019-12-19 9:04:55 PM
63,64,71,2019-12-19 9:05:02 PM
48,50,58,2019-12-19 9:05:14 PM
6,8,15,2019-12-19 9:05:26 PM
5,8,20,2019-12-19 9:05:37 PM
5,8,16,2019-12-19 9:05:49 PM
6,9,13,2019-12-19 9:06:01 PM
16,18,24,2019-12-19 9:06:13 PM
5,8,22,2019-12-19 9:06:25 PM
6,8,19,2019-12-19 9:06:36 PM
14,16,22,2019-12-19 9:06:48 PM
25,29,39,2019-12-19 9:07:00 PM
4,7,16,2019-12-19 9:07:12 PM
4,8,22,2019-12-19 9:07:24 PM
4,8,18,2019-12-19 9:07:36 PM
6,8,12,2019-12-19 9:07:47 PM
12,14,16,2019-12-19 9:07:59 PM
37,38,39,2019-12-19 9:08:11 PM
6,10,21,2019-12-19 9:08:17 PM
6,8,18,2019-12-19 9:08:30 PM
14,15,20,2019-12-19 9:08:37 PM
22,24,31,2019-12-19 9:08:48 PM
50,53,57,2019-12-19 9:09:00 PM
77,80,83,2019-12-19 9:09:12 PM
100,102,104,2019-12-19 9:09:19 PM
104,106,111,2019-12-19 9:09:31 PM
37,40,50,2019-12-19 9:09:43 PM
15,17,27,2019-12-19 9:09:55 PM
21,25,36,2019-12-19 9:10:07 PM
6,8,21,2019-12-19 9:10:19 PM
17,19,26,2019-12-19 9:10:31 PM
38,42,45,2019-12-19 9:10:45 PM
9,12,28,2019-12-19 9:10:56 PM
7,9,20,2019-12-19 9:11:03 PM
11,14,19,2019-12-19 9:11:15 PM
3,5,15,2019-12-19 9:11:26 PM
4,7,15,2019-12-19 9:11:38 PM
6,9,23,2019-12-19 9:11:50 PM
4,6,13,2019-12-19 9:12:02 PM
4,6,15,2019-12-19 9:12:14 PM
9,12,17,2019-12-19 9:12:26 PM
20,24,28,2019-12-19 9:12:38 PM
41,46,49,2019-12-19 9:12:49 PM
87,88,92,2019-12-19 9:12:56 PM
104,107,111,2019-12-19 9:13:08 PM
145,147,152,2019-12-19 9:13:15 PM
140,142,145,2019-12-19 9:13:22 PM
42,45,55,2019-12-19 9:13:31 PM
15,17,27,2019-12-19 9:13:38 PM
9,15,24,2019-12-19 9:13:45 PM
5,8,21,2019-12-19 9:13:57 PM
10,12,20,2019-12-19 9:14:09 PM
24,26,31,2019-12-19 9:14:21 PM
48,51,56,2019-12-19 9:14:33 PM
6,9,21,2019-12-19 9:14:45 PM
10,13,23,2019-12-19 9:14:56 PM
3,8,23,2019-12-19 9:15:08 PM
3,8,22,2019-12-19 9:15:20 PM
7,11,17,2019-12-19 9:15:32 PM
20,21,24,2019-12-19 9:15:39 PM
27,31,39,2019-12-19 9:15:45 PM
6,10,20,2019-12-19 9:15:57 PM
6,9,14,2019-12-19 9:16:09 PM
20,22,26,2019-12-19 9:16:21 PM
9,12,22,2019-12-19 9:16:33 PM
6,7,16,2019-12-19 9:16:45 PM
15,16,21,2019-12-19 9:16:57 PM
28,30,36,2019-12-19 9:17:03 PM
7,12,23,2019-12-19 9:17:15 PM
7,11,19,2019-12-19 9:17:27 PM
19,22,24,2019-12-19 9:17:34 PM
29,30,31,2019-12-19 9:17:41 PM
31,32,36,2019-12-19 9:17:52 PM
5,8,18,2019-12-19 9:17:59 PM
7,12,21,2019-12-19 9:18:11 PM
26,30,39,2019-12-19 9:18:23 PM
5,8,17,2019-12-19 9:18:34 PM
5,9,16,2019-12-19 9:18:41 PM
5,7,22,2019-12-19 9:18:53 PM
2,6,16,2019-12-19 9:19:05 PM
3,8,13,2019-12-19 9:19:11 PM
8,10,14,2019-12-19 9:19:23 PM
20,23,29,2019-12-19 9:19:35 PM
4,6,17,2019-12-19 9:19:42 PM
6,8,17,2019-12-19 9:19:54 PM
14,16,25,2019-12-19 9:20:06 PM
39,42,50,2019-12-19 9:20:17 PM
68,70,76,2019-12-19 9:20:30 PM
96,98,102,2019-12-19 9:20:42 PM
14,16,24,2019-12-19 9:20:53 PM
16,17,24,2019-12-19 9:21:00 PM
30,31,36,2019-12-19 9:21:12 PM
8,10,27,2019-12-19 9:21:24 PM
8,10,21,2019-12-19 9:21:36 PM
26,27,30,2019-12-19 9:21:48 PM
9,12,25,2019-12-19 9:21:55 PM
5,6,14,2019-12-19 9:22:06 PM
10,13,17,2019-12-19 9:22:18 PM
17,22,32,2019-12-19 9:22:30 PM
5,8,18,2019-12-19 9:22:42 PM
11,13,18,2019-12-19 9:22:54 PM
27,30,34,2019-12-19 9:23:00 PM
45,49,51,2019-12-19 9:23:12 PM
49,50,56,2019-12-19 9:23:24 PM
6,10,20,2019-12-19 9:23:32 PM
11,13,22,2019-12-19 9:23:43 PM
29,31,33,2019-12-19 9:23:55 PM
65,67,69,2019-12-19 9:24:07 PM
8,12,23,2019-12-19 9:24:19 PM
10,13,20,2019-12-19 9:24:31 PM
25,26,30,2019-12-19 9:24:42 PM
18,22,32,2019-12-19 9:24:54 PM
7,11,21,2019-12-19 9:25:01 PM
8,12,22,2019-12-19 9:25:12 PM
26,29,34,2019-12-19 9:25:24 PM
47,51,55,2019-12-19 9:25:36 PM
10,12,21,2019-12-19 9:25:48 PM
6,9,17,2019-12-19 9:26:00 PM
2,5,15,2019-12-19 9:26:07 PM
3,6,12,2019-12-19 9:26:14 PM
6,9,14,2019-12-19 9:26:25 PM
13,15,28,2019-12-19 9:26:37 PM
4,6,17,2019-12-19 9:26:49 PM
8,11,14,2019-12-19 9:27:01 PM
23,25,28,2019-12-19 9:27:13 PM
8,13,20,2019-12-19 9:27:24 PM
8,64267,19,2019-12-19 9:27:36 PM
20,23,30,2019-12-19 9:27:48 PM
45,47,54,2019-12-19 9:27:55 PM
67,69,72,2019-12-19 9:28:02 PM
81,82,83,2019-12-19 9:28:13 PM
46,48,56,2019-12-19 9:28:25 PM
16,20,27,2019-12-19 9:28:37 PM
8,11,23,2019-12-19 9:28:49 PM
8,10,21,2019-12-19 9:29:00 PM
19,21,32,2019-12-19 9:29:12 PM
47,48,52,2019-12-19 9:29:24 PM
72,74,77,2019-12-19 9:29:31 PM
93,94,100,2019-12-19 9:29:38 PM
102,106,112,2019-12-19 9:29:49 PM
14,16,26,2019-12-19 9:30:01 PM
21,25,31,2019-12-19 9:30:13 PM
48,50,53,2019-12-19 9:30:20 PM
46,48,59,2019-12-19 9:30:32 PM
7,8,18,2019-12-19 9:30:43 PM
18,20,26,2019-12-19 9:30:55 PM
6,9,20,2019-12-19 9:31:02 PM
5,8,18,2019-12-19 9:31:13 PM
10,13,21,2019-12-19 9:31:25 PM
25,27,30,2019-12-19 9:31:37 PM
4,6,24,2019-12-19 9:31:52 PM
7,11,24,2019-12-19 9:31:56 PM
11,15,30,2019-12-19 9:32:08 PM
29,33,44,2019-12-19 9:32:14 PM
11,13,23,2019-12-19 9:32:26 PM
5,7,15,2019-12-19 9:32:33 PM
8,10,16,2019-12-19 9:32:45 PM
19,22,23,2019-12-19 9:32:57 PM
50,51,54,2019-12-19 9:33:03 PM
40,43,50,2019-12-19 9:33:10 PM
9,14,25,2019-12-19 9:33:22 PM
9,12,19,2019-12-19 9:33:34 PM
26,28,32,2019-12-19 9:33:41 PM
45,47,49,2019-12-19 9:33:53 PM
10,13,25,2019-12-19 9:34:05 PM
9,12,21,2019-12-19 9:34:17 PM
23,25,30,2019-12-19 9:34:28 PM
11,16,31,2019-12-19 9:34:35 PM
5,8,29,2019-12-19 9:34:47 PM
2,5,14,2019-12-19 9:34:59 PM
3,6,13,2019-12-19 9:35:11 PM
4,7,9,2019-12-19 9:35:22 PM
12,14,16,2019-12-19 9:35:34 PM
22,27,37,2019-12-19 9:35:46 PM
4,7,24,2019-12-19 9:35:53 PM
6,10,23,2019-12-19 9:36:04 PM
18,20,31,2019-12-19 9:36:16 PM
48,50,54,2019-12-19 9:36:28 PM
16,20,40,2019-12-19 9:36:40 PM
9,14,26,2019-12-19 9:36:52 PM
8,10,28,2019-12-19 9:37:04 PM
4,7,19,2019-12-19 9:37:10 PM
4,7,15,2019-12-19 9:37:22 PM
8,11,15,2019-12-19 9:37:34 PM
22,23,29,2019-12-19 9:37:46 PM
5,8,17,2019-12-19 9:37:58 PM
2,4,15,2019-12-19 9:38:09 PM
2,5,18,2019-12-19 9:38:21 PM
3,7,17,2019-12-19 9:38:33 PM
6,9,16,2019-12-19 9:38:41 PM
13,16,20,2019-12-19 9:38:53 PM
32,35,41,2019-12-19 9:39:04 PM
15,17,28,2019-12-19 9:39:11 PM
7,9,18,2019-12-19 9:39:23 PM
11,14,21,2019-12-19 9:39:35 PM
24,27,34,2019-12-19 9:39:42 PM
42,44,50,2019-12-19 9:39:53 PM
20,24,38,2019-12-19 9:40:05 PM
12,15,26,2019-12-19 9:40:17 PM
27,29,34,2019-12-19 9:40:29 PM
17,22,34,2019-12-19 9:40:41 PM
11,15,23,2019-12-19 9:40:53 PM
22,26,30,2019-12-19 9:40:59 PM
31,35,40,2019-12-19 9:41:11 PM
10,13,28,2019-12-19 9:41:23 PM
8,11,20,2019-12-19 9:41:32 PM
13,15,24,2019-12-19 9:41:44 PM
34,35,40,2019-12-19 9:41:56 PM
7,12,24,2019-12-19 9:42:08 PM
2,6,16,2019-12-19 9:42:20 PM
2,5,12,2019-12-19 9:42:31 PM
4,8,22,2019-12-19 9:42:43 PM
1,4,17,2019-12-19 9:42:55 PM
2,4,12,2019-12-19 9:43:06 PM
3,5,12,2019-12-19 9:43:18 PM
7,9,22,2019-12-19 9:43:25 PM
13,16,25,2019-12-19 9:43:32 PM
25,28,35,2019-12-19 9:43:44 PM
57,60,63,2019-12-19 9:43:56 PM
10,14,28,2019-12-19 9:44:07 PM
10,14,22,2019-12-19 9:44:19 PM
22,25,30,2019-12-19 9:44:26 PM
15,18,29,2019-12-19 9:44:38 PM
4,6,16,2019-12-19 9:44:45 PM
4,6,15,2019-12-19 9:44:57 PM
8,12,15,2019-12-19 9:45:08 PM
20,22,25,2019-12-19 9:45:15 PM
24,27,39,2019-12-19 9:45:27 PM
5,9,21,2019-12-19 9:45:39 PM
7,10,19,2019-12-19 9:45:51 PM
16,19,25,2019-12-19 9:46:03 PM
33,35,39,2019-12-19 9:46:15 PM
53,55,71,2019-12-19 9:46:26 PM
11,14,28,2019-12-19 9:46:33 PM
12,14,26,2019-12-19 9:46:45 PM
27,30,31,2019-12-19 9:46:57 PM
9,11,21,2019-12-19 9:47:09 PM
7,11,17,2019-12-19 9:47:15 PM
10,13,19,2019-12-19 9:47:22 PM
13,16,20,2019-12-19 9:47:34 PM
26,30,34,2019-12-19 9:47:41 PM
36,39,46,2019-12-19 9:47:56 PM
9,15,26,2019-12-19 9:48:08 PM
7,13,21,2019-12-19 9:48:20 PM
14,17,19,2019-12-19 9:48:32 PM
26,28,32,2019-12-19 9:48:43 PM
56,57,67,2019-12-19 9:48:55 PM
13,14,26,2019-12-19 9:49:07 PM
11,13,23,2019-12-19 9:49:19 PM
16,18,25,2019-12-19 9:49:31 PM
14,18,30,2019-12-19 9:49:43 PM
5,8,16,2019-12-19 9:49:55 PM
6,8,13,2019-12-19 9:50:01 PM
11,14,17,2019-12-19 9:50:13 PM
4,7,18,2019-12-19 9:50:20 PM
4,7,16,2019-12-19 9:50:32 PM
2,5,17,2019-12-19 9:50:44 PM
3,5,14,2019-12-19 9:50:56 PM
3,4,9,2019-12-19 9:51:02 PM
4,5,7,2019-12-19 9:51:14 PM
9,10,16,2019-12-19 9:51:21 PM
15,17,23,2019-12-19 9:51:32 PM
26,28,29,2019-12-19 9:51:44 PM
46,48,49,2019-12-19 9:51:56 PM
15,18,28,2019-12-19 9:52:08 PM
6,9,18,2019-12-19 9:52:20 PM
11,13,19,2019-12-19 9:52:31 PM
21,22,27,2019-12-19 9:52:43 PM
35,38,43,2019-12-19 9:52:55 PM
63,66,71,2019-12-19 9:53:07 PM
83,86,89,2019-12-19 9:53:14 PM
95,98,101,2019-12-19 9:53:26 PM
99,102,103,2019-12-19 9:53:38 PM
75,79,85,2019-12-19 9:53:45 PM
23,27,35,2019-12-19 9:53:56 PM
17,19,26,2019-12-19 9:54:08 PM
29,31,35,2019-12-19 9:54:20 PM
28,31,42,2019-12-19 9:54:27 PM
7,10,21,2019-12-19 9:54:39 PM
5,7,15,2019-12-19 9:54:50 PM
10,13,20,2019-12-19 9:55:02 PM
24,27,32,2019-12-19 9:55:14 PM
41,43,46,2019-12-19 9:55:26 PM
48,49,55,2019-12-19 9:55:38 PM
8,10,18,2019-12-19 9:55:52 PM
11,14,21,2019-12-19 9:55:59 PM
16,18,23,2019-12-19 9:56:07 PM
20,23,37,2019-12-19 9:56:19 PM
3,7,22,2019-12-19 9:56:26 PM
2,3,13,2019-12-19 9:56:37 PM
5,6,10,2019-12-19 9:56:49 PM
16,18,19,2019-12-19 9:57:01 PM
33,35,37,2019-12-19 9:57:08 PM
49,50,55,2019-12-19 9:57:14 PM
32,33,44,2019-12-19 9:57:26 PM
6,8,17,2019-12-19 9:57:38 PM
8,11,18,2019-12-19 9:57:50 PM
18,21,25,2019-12-19 9:57:57 PM
25,29,29,2019-12-19 9:58:03 PM
31,35,41,2019-12-19 9:58:15 PM
4,9,22,2019-12-19 9:58:22 PM
3,7,18,2019-12-19 9:58:34 PM
3,6,17,2019-12-19 9:58:41 PM
6,9,17,2019-12-19 9:58:52 PM
16,17,21,2019-12-19 9:59:04 PM
26,28,43,2019-12-19 9:59:16 PM
6,8,20,2019-12-19 9:59:28 PM
7,9,16,2019-12-19 9:59:39 PM
13,15,20,2019-12-19 9:59:51 PM
6,9,22,2019-12-19 10:00:03 PM
2,6,18,2019-12-19 10:00:15 PM
7,10,15,2019-12-19 10:00:26 PM
13,16,20,2019-12-19 10:00:38 PM
16,18,28,2019-12-19 10:00:50 PM
2,5,16,2019-12-19 10:01:02 PM
4,8,13,2019-12-19 10:01:14 PM
7,10,15,2019-12-19 10:01:26 PM
16,17,20,2019-12-19 10:01:33 PM
24,26,26,2019-12-19 10:01:44 PM
40,43,43,2019-12-19 10:01:56 PM
57,59,62,2019-12-19 10:02:03 PM
68,71,72,2019-12-19 10:02:14 PM
9,11,23,2019-12-19 10:02:21 PM
4,5,16,2019-12-19 10:02:33 PM
8,11,17,2019-12-19 10:02:45 PM
16,19,22,2019-12-19 10:02:56 PM
29,30,34,2019-12-19 10:03:08 PM
51,54,61,2019-12-19 10:03:20 PM
9,14,24,2019-12-19 10:03:32 PM
4,7,17,2019-12-19 10:03:44 PM
7,9,17,2019-12-19 10:03:56 PM
15,18,22,2019-12-19 10:04:07 PM
28,32,36,2019-12-19 10:04:14 PM
40,42,44,2019-12-19 10:04:21 PM
48,51,53,2019-12-19 10:04:32 PM
69,71,74,2019-12-19 10:04:44 PM
84,88,91,2019-12-19 10:04:56 PM
64,67,73,2019-12-19 10:05:08 PM
3,6,18,2019-12-19 10:05:20 PM
6,10,21,2019-12-19 10:05:26 PM
13,19,25,2019-12-19 10:05:38 PM
26,32,36,2019-12-19 10:05:45 PM
13,16,28,2019-12-19 10:05:57 PM
3,4,13,2019-12-19 10:06:08 PM
5,7,11,2019-12-19 10:06:20 PM
11,14,16,2019-12-19 10:06:32 PM
7,10,18,2019-12-19 10:06:39 PM
1,3,12,2019-12-19 10:06:51 PM
3,3,9,2019-12-19 10:07:03 PM
6,8,11,2019-12-19 10:07:14 PM
13,15,20,2019-12-19 10:07:26 PM
25,27,31,2019-12-19 10:07:38 PM
40,41,43,2019-12-19 10:07:50 PM
59,61,61,2019-12-19 10:07:57 PM
73,75,75,2019-12-19 10:08:08 PM
91,93,93,2019-12-19 10:08:20 PM
83,84,88,2019-12-19 10:08:32 PM
9,13,19,2019-12-19 10:08:44 PM
8,11,18,2019-12-19 10:08:55 PM
16,17,22,2019-12-19 10:09:07 PM
31,32,35,2019-12-19 10:09:19 PM
48,49,55,2019-12-19 10:09:25 PM
65,66,69,2019-12-19 10:09:37 PM
65,67,71,2019-12-19 10:09:49 PM
4,6,17,2019-12-19 10:10:01 PM
6,8,17,2019-12-19 10:10:08 PM
11,14,27,2019-12-19 10:10:19 PM
19,22,32,2019-12-19 10:10:26 PM
4,6,16,2019-12-19 10:10:38 PM
4,5,13,2019-12-19 10:10:44 PM
6,7,15,2019-12-19 10:10:52 PM
9,10,17,2019-12-19 10:11:04 PM
19,21,31,2019-12-19 10:11:16 PM
30,32,41,2019-12-19 10:11:28 PM
48,50,57,2019-12-19 10:11:39 PM
70,72,78,2019-12-19 10:11:51 PM
39,41,49,2019-12-19 10:12:06 PM
5,8,21,2019-12-19 10:12:13 PM
8,10,23,2019-12-19 10:12:20 PM
12,14,20,2019-12-19 10:12:31 PM
25,26,30,2019-12-19 10:12:43 PM
40,43,48,2019-12-19 10:12:55 PM
7,9,22,2019-12-19 10:13:07 PM
10,15,29,2019-12-19 10:13:19 PM
15,20,30,2019-12-19 10:13:31 PM
5,7,22,2019-12-19 10:13:43 PM
6,9,18,2019-12-19 10:13:50 PM
5,8,17,2019-12-19 10:13:57 PM
11,14,18,2019-12-19 10:14:09 PM
25,26,29,2019-12-19 10:14:20 PM
4,6,18,2019-12-19 10:14:27 PM
4,6,17,2019-12-19 10:14:39 PM
6,10,20,2019-12-19 10:14:51 PM
16,19,27,2019-12-19 10:14:58 PM
18,21,31,2019-12-19 10:15:00 PM
25,27,33,2019-12-19 10:15:11 PM
41,44,51,2019-12-19 10:15:26 PM
47,49,60,2019-12-19 10:15:38 PM
6,8,18,2019-12-19 10:15:50 PM
7,8,16,2019-12-19 10:16:02 PM
17,18,28,2019-12-19 10:16:09 PM
20,23,35,2019-12-19 10:16:15 PM
4,7,18,2019-12-19 10:16:22 PM
2,6,15,2019-12-19 10:16:33 PM
4,7,15,2019-12-19 10:16:41 PM
9,12,19,2019-12-19 10:16:47 PM
10,11,23,2019-12-19 10:16:59 PM
3,5,18,2019-12-19 10:17:11 PM
4,6,16,2019-12-19 10:17:18 PM
5,6,14,2019-12-19 10:17:30 PM
15,17,19,2019-12-19 10:17:41 PM
30,33,33,2019-12-19 10:17:53 PM
55,57,57,2019-12-19 10:18:05 PM
71,73,73,2019-12-19 10:18:17 PM
19,20,28,2019-12-19 10:18:28 PM
7,10,22,2019-12-19 10:18:40 PM
2,3,13,2019-12-19 10:18:42 PM
2,3,13,2019-12-19 10:18:54 PM
5,6,12,2019-12-19 10:19:06 PM
10,12,17,2019-12-19 10:19:18 PM
18,21,24,2019-12-19 10:19:30 PM
17,18,24,2019-12-19 10:19:42 PM
5,7,13,2019-12-19 10:19:48 PM
5,7,12,2019-12-19 10:20:00 PM
13,15,18,2019-12-19 10:20:12 PM
25,28,30,2019-12-19 10:20:24 PM
46,47,52,2019-12-19 10:20:36 PM
8,11,25,2019-12-19 10:20:47 PM
5,6,13,2019-12-19 10:20:59 PM
13,13,15,2019-12-19 10:21:11 PM
32,34,37,2019-12-19 10:21:23 PM
6,7,20,2019-12-19 10:21:35 PM
3,4,11,2019-12-19 10:21:47 PM
7,8,11,2019-12-19 10:21:54 PM
11,13,14,2019-12-19 10:22:05 PM
30,32,35,2019-12-19 10:22:17 PM
30,32,40,2019-12-19 10:22:29 PM
5,7,16,2019-12-19 10:22:40 PM
7,9,16,2019-12-19 10:22:52 PM
14,17,24,2019-12-19 10:23:05 PM
22,27,31,2019-12-19 10:23:17 PM
4,6,12,2019-12-19 10:23:29 PM
4,5,8,2019-12-19 10:23:41 PM
11,12,12,2019-12-19 10:23:53 PM
23,24,25,2019-12-19 10:24:05 PM
18,22,32,2019-12-19 10:24:12 PM
6,8,18,2019-12-19 10:24:23 PM
5,6,12,2019-12-19 10:24:35 PM
12,14,15,2019-12-19 10:24:42 PM
25,27,28,2019-12-19 10:24:55 PM
65,66,69,2019-12-19 10:25:06 PM
13,14,27,2019-12-19 10:25:18 PM
9,12,20,2019-12-19 10:25:30 PM
20,22,27,2019-12-19 10:25:42 PM
24,25,37,2019-12-19 10:25:54 PM
4,6,15,2019-12-19 10:26:05 PM
7,9,15,2019-12-19 10:26:17 PM
20,22,26,2019-12-19 10:26:29 PM
6,7,17,2019-12-19 10:26:36 PM
4,5,13,2019-12-19 10:26:47 PM
6,6,11,2019-12-19 10:26:59 PM
8,12,22,2019-12-19 10:27:11 PM
2,3,15,2019-12-19 10:27:17 PM
2,4,15,2019-12-19 10:27:29 PM
12,12,14,2019-12-19 10:27:41 PM
29,31,37,2019-12-19 10:27:48 PM
5,6,15,2019-12-19 10:27:55 PM
3,5,12,2019-12-19 10:28:07 PM
5,7,12,2019-12-19 10:28:19 PM
17,17,19,2019-12-19 10:28:31 PM
49,50,55,2019-12-19 10:28:37 PM
24,26,38,2019-12-19 10:28:49 PM
5,7,18,2019-12-19 10:29:01 PM
13,15,18,2019-12-19 10:29:13 PM
41,41,44,2019-12-19 10:29:25 PM
5,6,18,2019-12-19 10:29:36 PM
7,10,21,2019-12-19 10:29:48 PM
25,26,35,2019-12-19 10:30:00 PM
9,13,22,2019-12-19 10:30:12 PM
3,6,15,2019-12-19 10:30:24 PM
12,14,20,2019-12-19 10:30:32 PM
25,27,29,2019-12-19 10:30:44 PM
58,60,62,2019-12-19 10:30:50 PM
34,36,44,2019-12-19 10:31:02 PM
6,6,14,2019-12-19 10:31:14 PM
15,17,25,2019-12-19 10:31:26 PM
36,39,45,2019-12-19 10:31:37 PM
4,6,13,2019-12-19 10:31:44 PM
5,7,14,2019-12-19 10:31:56 PM
14,14,18,2019-12-19 10:32:08 PM